id,problem_id,response,correct_response,accuracy
05zds,7,23,47,0
05zds,5,100,100,1
05zds,6,5,5,1
05zds,2,10,10,1
05zds,1,500,500,1
05zds,8,11.111,50,0
05zds,3,0.1,0.1,1
05zds,4,20,20,1
07wj6,1,500,500,1
07wj6,4,20,20,1
07wj6,6,10,5,0
07wj6,7,47,47,1
07wj6,5,100,100,1
07wj6,3,0.1,0.1,1
07wj6,2,10,10,1
07wj6,8,10,50,0
0i8rx,7,24,47,0
0i8rx,1,500,500,1
0i8rx,6,10,5,0
0i8rx,3,0.1,0.1,1
0i8rx,8,10,50,0
0i8rx,5,100,100,1
0i8rx,2,10,10,1
0i8rx,4,20,20,1
0oss0,5,100,100,1
0oss0,4,20,20,1
0oss0,7,24,47,0
0oss0,1,400,500,0
0oss0,3,0.1,0.1,1
0oss0,6,0.1,5,0
0oss0,8,0.1,50,0
0oss0,2,1,10,0
0wpbe,5,100,100,1
0wpbe,2,10,10,1
0wpbe,4,20,20,1
0wpbe,8,1,50,0
0wpbe,1,500,500,1
0wpbe,6,10,5,0
0wpbe,3,0.1,0.1,1
0wpbe,7,47,47,1
0y2xh,7,48,47,0
0y2xh,2,1,10,0
0y2xh,8,NA,50,NA
0y2xh,6,10,5,0
0y2xh,3,1,0.1,0
0y2xh,4,20,20,1
0y2xh,5,100,100,1
0y2xh,1,1000,500,0
18dlb,1,500,500,1
18dlb,8,90,50,0
18dlb,6,0.1,5,0
18dlb,2,10,10,1
18dlb,7,47,47,1
18dlb,4,20,20,1
18dlb,5,100,100,1
18dlb,3,0.1,0.1,1
1codz,4,20,20,1
1codz,5,100,100,1
1codz,7,24,47,0
1codz,6,0.1,5,0
1codz,1,500,500,1
1codz,3,1,0.1,0
1codz,2,10,10,1
1codz,8,1,50,0
1eagv,6,10,5,0
1eagv,4,20,20,1
1eagv,2,10,10,1
1eagv,3,0.1,0.1,1
1eagv,1,500,500,1
1eagv,7,47,47,1
1eagv,5,100,100,1
1eagv,8,99,50,0
1x78r,6,10,5,0
1x78r,1,180,500,0
1x78r,4,20,20,1
1x78r,7,24,47,0
1x78r,2,10,10,1
1x78r,3,1,0.1,0
1x78r,5,100,100,1
1x78r,8,18,50,0
1ycc1,1,600,500,0
1ycc1,3,1,0.1,0
1ycc1,5,100,100,1
1ycc1,7,24,47,0
1ycc1,8,10,50,0
1ycc1,4,5,20,0
1ycc1,6,0.1,5,0
1ycc1,2,1,10,0
1zi3s,8,9,50,0
1zi3s,7,47,47,1
1zi3s,2,10,10,1
1zi3s,1,30,500,0
1zi3s,3,1,0.1,0
1zi3s,5,10,100,0
1zi3s,6,10,5,0
1zi3s,4,5,20,0
1zkii,7,47,47,1
1zkii,1,500,500,1
1zkii,5,100,100,1
1zkii,6,0.1,5,0
1zkii,8,1,50,0
1zkii,4,20,20,1
1zkii,2,10,10,1
1zkii,3,0.1,0.1,1
308qp,1,500,500,1
308qp,6,0,5,0
308qp,8,5,50,0
308qp,2,10,10,1
308qp,3,0.1,0.1,1
308qp,4,5,20,0
308qp,5,100,100,1
308qp,7,47,47,1
28aqw,1,500,500,1
28aqw,7,47,47,1
28aqw,8,9,50,0
28aqw,4,20,20,1
28aqw,2,10,10,1
28aqw,3,0.1,0.1,1
28aqw,6,0,5,0
28aqw,5,100,100,1
2bwmd,2,10,10,1
2bwmd,1,500,500,1
2bwmd,3,0.1,0.1,1
2bwmd,7,47,47,1
2bwmd,8,10,50,0
2bwmd,6,5,5,1
2bwmd,4,20,20,1
2bwmd,5,100,100,1
2nmr6,8,18,50,0
2nmr6,6,10,5,0
2nmr6,7,24,47,0
2nmr6,2,10,10,1
2nmr6,1,500,500,1
2nmr6,4,20,20,1
2nmr6,5,100,100,1
2nmr6,3,0.1,0.1,1
2pfiy,3,0.1,0.1,1
2pfiy,7,24,47,0
2pfiy,6,10,5,0
2pfiy,4,20,20,1
2pfiy,8,10,50,0
2pfiy,2,19,10,0
2pfiy,1,500,500,1
2pfiy,5,100,100,1
2rgd0,7,12,47,0
2rgd0,1,500,500,1
2rgd0,5,100,100,1
2rgd0,6,0.5,5,0
2rgd0,4,20,20,1
2rgd0,8,20,50,0
2rgd0,3,1,0.1,0
2rgd0,2,100,10,0
2vszu,2,10,10,1
2vszu,1,500,500,1
2vszu,5,100,100,1
2vszu,8,90,50,0
2vszu,7,47,47,1
2vszu,6,5,5,1
2vszu,4,20,20,1
2vszu,3,0.1,0.1,1
3345j,4,20,20,1
3345j,8,18,50,0
3345j,5,10,100,0
3345j,3,0.1,0.1,1
3345j,6,5,5,1
3345j,1,500,500,1
3345j,7,12,47,0
3345j,2,10,10,1
3koq0,5,100,100,1
3koq0,2,10,10,1
3koq0,1,500,500,1
3koq0,3,0.1,0.1,1
3koq0,7,47,47,1
3koq0,6,0.1,5,0
3koq0,4,20,20,1
3koq0,8,50,50,1
3lwnu,6,10,5,0
3lwnu,2,100,10,0
3lwnu,5,100,100,1
3lwnu,8,1,50,0
3lwnu,4,20,20,1
3lwnu,3,1,0.1,0
3lwnu,7,48,47,0
3lwnu,1,100,500,0
3o4up,4,20,20,1
3o4up,1,50,500,0
3o4up,8,10,50,0
3o4up,5,100,100,1
3o4up,7,47,47,1
3o4up,2,10,10,1
3o4up,3,0.1,0.1,1
3o4up,6,0.05,5,0
rdalr,5,100,100,1
rdalr,1,500,500,1
rdalr,7,47,47,1
rdalr,8,50,50,1
rdalr,2,10,10,1
rdalr,6,0.05,5,0
rdalr,4,20,20,1
rdalr,3,0.1,0.1,1
48uu8,1,500,500,1
48uu8,6,10,5,0
48uu8,7,47,47,1
48uu8,8,9,50,0
48uu8,5,100,100,1
48uu8,3,0.1,0.1,1
48uu8,4,20,20,1
48uu8,2,10,10,1
4ct26,2,10,10,1
4ct26,1,500,500,1
4ct26,6,0.1,5,0
4ct26,3,0.1,0.1,1
4ct26,7,24,47,0
4ct26,5,100,100,1
4ct26,8,20,50,0
4ct26,4,20,20,1
4fsra,7,24,47,0
4fsra,5,10,100,0
4fsra,8,99,50,0
4fsra,1,500,500,1
4fsra,2,10,10,1
4fsra,4,20,20,1
4fsra,3,1,0.1,0
4fsra,6,0.1,5,0
4krz4,4,20,20,1
4krz4,3,0.001,0.1,0
4krz4,2,10,10,1
4krz4,8,0.9,50,0
4krz4,6,5,5,1
4krz4,5,100,100,1
4krz4,7,47,47,1
4krz4,1,500,500,1
50v87,2,10,10,1
50v87,3,0.1,0.1,1
50v87,4,20,20,1
50v87,5,10,100,0
50v87,1,500,500,1
50v87,6,0.1,5,0
50v87,7,47,47,1
50v87,8,10,50,0
5ir67,6,0.1,5,0
5ir67,2,10,10,1
5ir67,3,0.1,0.1,1
5ir67,7,47,47,1
5ir67,1,500,500,1
5ir67,5,100,100,1
5ir67,4,20,20,1
5ir67,8,9,50,0
6k05w,1,500,500,1
6k05w,7,47,47,1
6k05w,8,50,50,1
6k05w,6,10,5,0
6k05w,2,10,10,1
6k05w,3,0.1,0.1,1
6k05w,4,20,20,1
6k05w,5,100,100,1
6ukjc,6,10,5,0
6ukjc,7,48,47,0
6ukjc,4,20,20,0
6ukjc,2,10,10,0
6ukjc,1,100,500,0
6ukjc,8,0.1,50,0
6ukjc,3,0.1,0.1,1
6ukjc,5,1,100,0
710xt,1,500,500,1
710xt,8,90,50,0
710xt,7,47,47,1
710xt,4,20,20,1
710xt,3,0.1,0.1,1
710xt,2,10,10,1
710xt,5,100,100,1
710xt,6,5,5,1
729dc,6,5,5,1
729dc,8,10,50,0
729dc,3,0.1,0.1,1
729dc,1,500,500,1
729dc,4,20,20,1
729dc,7,47,47,1
729dc,2,10,10,1
729dc,5,100,100,1
75hrf,7,24,47,0
75hrf,4,20,20,1
75hrf,6,0.1,5,0
75hrf,5,100,100,1
75hrf,2,10,10,1
75hrf,3,10,0.1,0
75hrf,8,90,50,0
75hrf,1,500,500,1
7dfnm,5,100,100,1
7dfnm,3,0.1,0.1,1
7dfnm,1,500,500,1
7dfnm,2,10,10,1
7dfnm,4,20,20,1
7dfnm,8,90,50,0
7dfnm,6,5,5,1
7dfnm,7,12,47,0
7gcjm,7,47,47,1
7gcjm,3,0.1,0.1,1
7gcjm,2,10,10,1
7gcjm,4,20,20,1
7gcjm,1,500,500,1
7gcjm,5,100,100,1
7gcjm,8,90,50,0
7gcjm,6,0.1,5,0
7hgj7,2,10,10,1
7hgj7,8,18,50,0
7hgj7,6,NA,5,NA
7hgj7,4,20,20,1
7hgj7,7,24,47,0
7hgj7,3,0.1,0.1,1
7hgj7,1,500,500,1
7hgj7,5,100,100,1
7jwhv,4,20,20,1
7jwhv,2,10,10,1
7jwhv,7,24,47,0
7jwhv,1,500,500,1
7jwhv,8,90,50,0
7jwhv,5,100,100,1
7jwhv,3,0.1,0.1,1
7jwhv,6,5,5,1
7k63d,8,NA,50,NA
7k63d,7,12,47,0
7k63d,4,5,20,0
7k63d,1,500,500,1
7k63d,5,100,100,1
7k63d,6,10,5,0
7k63d,3,0.1,0.1,1
7k63d,2,10,10,1
7lowo,6,10,5,0
7lowo,7,47,47,1
7lowo,5,100,100,1
7lowo,1,500,500,1
7lowo,2,10,10,1
7lowo,3,0.1,0.1,1
7lowo,4,20,20,1
7lowo,8,9,50,0
7pfa7,3,0.1,0.1,1
7pfa7,1,600,500,0
7pfa7,4,20,20,1
7pfa7,8,1.9,50,0
7pfa7,5,100,100,1
7pfa7,2,10,10,1
7pfa7,7,NA,47,NA
7pfa7,6,0.1,5,0
86tkn,4,20,20,1
86tkn,3,0.1,0.1,1
86tkn,8,18,50,0
86tkn,2,10,10,1
86tkn,6,10,5,0
86tkn,5,100,100,1
86tkn,7,24,47,0
86tkn,1,500,500,1
8dif7,2,10,10,1
8dif7,1,500,500,1
8dif7,3,0.1,0.1,1
8dif7,5,100,100,1
8dif7,4,20,20,1
8dif7,6,5,5,1
8dif7,8,10,50,0
8dif7,7,47,47,1
8dp7d,8,10,50,0
8dp7d,6,0.1,5,0
8dp7d,7,47,47,1
8dp7d,1,500,500,1
8dp7d,3,0.1,0.1,1
8dp7d,4,20,20,1
8dp7d,2,10,10,1
8dp7d,5,100,100,1
8fvat,8,81,50,0
8fvat,2,1,10,0
8fvat,4,20,20,1
8fvat,5,10,100,0
8fvat,1,50,500,0
8fvat,3,1,0.1,0
8fvat,7,47,47,1
8fvat,6,10,5,0
8g0yu,1,400,500,0
8g0yu,7,47,47,1
8g0yu,2,15,10,0
8g0yu,5,100,100,1
8g0yu,4,20,20,1
8g0yu,8,2,50,0
8g0yu,3,1,0.1,0
8g0yu,6,10,5,0
8jkgj,2,NA,10,NA
8jkgj,3,0.1,0.1,1
8jkgj,8,89,50,0
8jkgj,6,10,5,0
8jkgj,1,50,500,0
8jkgj,7,47,47,1
8jkgj,4,20,20,1
8jkgj,5,100,100,1
8nz8d,2,NA,10,NA
8nz8d,8,50,50,1
8nz8d,5,100,100,1
8nz8d,4,1,20,0
8nz8d,7,48,47,0
8nz8d,3,1,0.1,0
8nz8d,6,55,5,0
8nz8d,1,2,500,0
8shbg,1,500,500,1
8shbg,6,0.1,5,0
8shbg,5,100,100,1
8shbg,8,90,50,0
8shbg,7,24,47,0
8shbg,4,20,20,1
8shbg,2,10,10,1
8shbg,3,1,0.1,0
92r8q,4,20,20,1
92r8q,5,10,100,0
92r8q,7,47,47,1
92r8q,2,10,10,1
92r8q,6,10,5,0
92r8q,1,500,500,1
92r8q,3,0.1,0.1,1
92r8q,8,90,50,0
93a79,3,0.1,0.1,1
93a79,2,10,10,1
93a79,6,5,5,1
93a79,8,50,50,1
93a79,5,100,100,1
93a79,7,47,47,1
93a79,1,500,500,1
93a79,4,20,20,1
93otj,8,18,50,0
93otj,6,0.1,5,0
93otj,5,100,100,1
93otj,7,47,47,1
93otj,1,500,500,1
93otj,3,0.1,0.1,1
93otj,4,20,20,1
93otj,2,10,10,1
9ai4y,3,0.1,0.1,1
9ai4y,1,500,500,1
9ai4y,2,10,10,1
9ai4y,7,47,47,1
9ai4y,8,10,50,0
9ai4y,4,20,20,1
9ai4y,6,0.1,5,0
9ai4y,5,100,100,1
9d0qi,3,1,0.1,0
9d0qi,7,24,47,0
9d0qi,4,5,20,0
9d0qi,2,1,10,0
9d0qi,6,0.1,5,0
9d0qi,8,1,50,0
9d0qi,1,500,500,1
9d0qi,5,100,100,1
9feqd,1,300,500,0
9feqd,3,1,0.1,0
9feqd,7,24,47,0
9feqd,6,0.1,5,0
9feqd,2,100,10,0
9feqd,4,20,20,1
9feqd,5,100,100,1
9feqd,8,10,50,0
9khsp,2,10,10,1
9khsp,4,20,20,1
9khsp,8,90,50,0
9khsp,5,100,100,1
9khsp,1,500,500,1
9khsp,3,1,0.1,0
9khsp,7,24,47,0
9khsp,6,0.1,5,0
9p6ed,6,0,5,0
9p6ed,2,10,10,1
9p6ed,5,100,100,1
9p6ed,4,25,20,0
9p6ed,1,500,500,1
9p6ed,7,4,47,0
9p6ed,3,0.01,0.1,0
9p6ed,8,10,50,0
9u6ge,3,0.1,0.1,1
9u6ge,8,10,50,0
9u6ge,5,31,100,0
9u6ge,1,500,500,1
9u6ge,4,20,20,1
9u6ge,7,24,47,0
9u6ge,6,0.1,5,0
9u6ge,2,1,10,0
9w1z1,7,24,47,0
9w1z1,4,20,20,1
9w1z1,6,10,5,0
9w1z1,1,500,500,1
9w1z1,3,0.1,0.1,1
9w1z1,8,20,50,0
9w1z1,5,100,100,1
9w1z1,2,10,10,1
9x404,3,0.1,0.1,1
9x404,7,47,47,1
9x404,8,0.81,50,0
9x404,6,5,5,1
9x404,4,20,20,1
9x404,5,10,100,0
9x404,2,10,10,1
9x404,1,500,500,1
a3hpj,1,6,500,0
a3hpj,4,0.2,20,0
a3hpj,7,12,47,0
a3hpj,6,0,5,0
a3hpj,8,NA,50,NA
a3hpj,3,0.1,0.1,1
a3hpj,5,1,100,0
a3hpj,2,10,10,1
a4bah,7,24,47,0
a4bah,5,100,100,1
a4bah,3,0.1,0.1,1
a4bah,1,500,500,1
a4bah,6,1.05,5,0
a4bah,8,90,50,0
a4bah,2,10,10,1
a4bah,4,20,20,1
ai12t,7,24,47,0
ai12t,1,500,500,1
ai12t,6,0.1,5,0
ai12t,4,20,20,1
ai12t,3,0.1,0.1,1
ai12t,8,50,50,1
ai12t,5,100,100,1
ai12t,2,0.1,10,0
as8uq,3,0.1,0.1,1
as8uq,6,0.1,5,0
as8uq,4,5,20,0
as8uq,2,10,10,1
as8uq,5,100,100,1
as8uq,8,90,50,0
as8uq,1,333.3,500,0
as8uq,7,16,47,0
axr1v,5,100,100,1
axr1v,1,500,500,1
axr1v,4,20,20,1
axr1v,3,0.1,0.1,1
axr1v,8,50,50,1
axr1v,2,10,10,1
axr1v,7,47,47,1
axr1v,6,0.05,5,0
bjchh,6,10,5,0
bjchh,2,10,10,1
bjchh,8,90,50,0
bjchh,3,0.1,0.1,1
bjchh,1,60,500,0
bjchh,7,47,47,1
bjchh,5,100,100,1
bjchh,4,20,20,1
bustq,4,20,20,1
bustq,7,24,47,0
bustq,6,0.1,5,0
bustq,1,333,500,0
bustq,5,0.1,100,0
bustq,8,10,50,0
bustq,3,0.1,0.1,1
bustq,2,0.1,10,0
bz14f,2,10,10,1
bz14f,3,0.1,0.1,1
bz14f,8,90,50,0
bz14f,5,100,100,1
bz14f,7,47,47,1
bz14f,1,500,500,1
bz14f,4,20,20,1
bz14f,6,0.05,5,0
c5w6y,7,24,47,0
c5w6y,3,0.1,0.1,1
c5w6y,8,90,50,0
c5w6y,2,10,10,1
c5w6y,5,10,100,0
c5w6y,1,50,500,0
c5w6y,4,20,20,1
c5w6y,6,0.05,5,0
ccwa7,5,100,100,1
ccwa7,3,0.1,0.1,1
ccwa7,4,5,20,0
ccwa7,6,0.1,5,0
ccwa7,8,90,50,0
ccwa7,7,47,47,1
ccwa7,2,10,10,1
ccwa7,1,500,500,1
ceiez,7,NA,47,NA
ceiez,2,10,10,1
ceiez,4,5,20,0
ceiez,6,0.1,5,0
ceiez,8,NA,50,NA
ceiez,1,500,500,1
ceiez,5,100,100,1
ceiez,3,1e-4,0.1,0
cs9ej,4,20,20,1
cs9ej,6,5,5,1
cs9ej,7,47,47,1
cs9ej,2,10,10,1
cs9ej,5,100,100,1
cs9ej,3,0.1,0.1,1
cs9ej,8,50,50,1
cs9ej,1,500,500,1
cuggr,4,20,20,1
cuggr,5,100,100,1
cuggr,8,90,50,0
cuggr,7,47,47,1
cuggr,1,500,500,1
cuggr,6,10,5,0
cuggr,3,0.1,0.1,1
cuggr,2,10,10,1
d5njy,1,500,500,1
d5njy,4,20,20,1
d5njy,5,100,100,1
d5njy,2,10,10,1
d5njy,7,47,47,1
d5njy,3,0.1,0.1,1
d5njy,6,5,5,1
d5njy,8,80,50,0
dgexv,6,10,5,0
dgexv,7,24,47,0
dgexv,4,20,20,1
dgexv,8,90,50,0
dgexv,1,33,500,0
dgexv,5,100,100,1
dgexv,3,0.1,0.1,1
dgexv,2,100,10,0
dhnen,4,20,20,1
dhnen,3,0.1,0.1,1
dhnen,7,24,47,0
dhnen,8,10,50,0
dhnen,5,0.1,100,0
dhnen,2,0.1,10,0
dhnen,1,500,500,1
dhnen,6,10,5,0
dkypf,8,9,50,0
dkypf,6,5,5,1
dkypf,7,24,47,0
dkypf,3,0.1,0.1,1
dkypf,1,500,500,1
dkypf,4,20,20,1
dkypf,2,10,10,1
dkypf,5,100,100,1
dl9l2,6,5,5,1
dl9l2,1,500,500,1
dl9l2,3,0.1,0.1,1
dl9l2,2,10,10,1
dl9l2,7,47,47,1
dl9l2,8,50,50,1
dl9l2,5,100,100,1
dl9l2,4,20,20,1
emdt4,1,500,500,1
emdt4,8,90,50,0
emdt4,7,47,47,1
emdt4,2,10,10,1
emdt4,5,100,100,1
emdt4,3,0.1,0.1,1
emdt4,6,10,5,0
emdt4,4,20,20,1
eme40,6,10,5,0
eme40,4,20,20,1
eme40,5,100,100,1
eme40,7,24,47,0
eme40,3,0.1,0.1,1
eme40,1,1,500,0
eme40,8,5,50,0
eme40,2,1,10,0
eo96j,1,500,500,1
eo96j,2,10,10,1
eo96j,3,0.1,0.1,1
eo96j,5,100,100,1
eo96j,8,10,50,0
eo96j,7,47,47,1
eo96j,4,20,20,1
eo96j,6,5,5,1
eq4sk,8,50,50,1
eq4sk,5,100,100,1
eq4sk,3,0.001,0.1,0
eq4sk,1,500,500,1
eq4sk,7,47,47,1
eq4sk,6,5,5,1
eq4sk,2,10,10,1
eq4sk,4,20,20,1
f3wlt,8,18,50,0
f3wlt,5,100,100,1
f3wlt,3,0.1,0.1,1
f3wlt,2,10,10,1
f3wlt,1,50,500,0
f3wlt,6,0.1,5,0
f3wlt,7,47,47,1
f3wlt,4,20,20,1
f9d6j,7,47,47,1
f9d6j,4,20,20,1
f9d6j,6,0.1,5,0
f9d6j,3,0.1,0.1,1
f9d6j,8,10,50,0
f9d6j,2,10,10,1
f9d6j,1,500,500,1
f9d6j,5,100,100,1
fayc7,7,24,47,0
fayc7,2,100,10,0
fayc7,8,90,50,0
fayc7,1,450,500,0
fayc7,6,10,5,0
fayc7,5,100,100,1
fayc7,3,1,0.1,0
fayc7,4,80,20,0
g0vr6,2,10,10,1
g0vr6,6,10,5,0
g0vr6,1,500,500,1
g0vr6,8,10,50,0
g0vr6,4,20,20,1
g0vr6,3,0.1,0.1,1
g0vr6,5,100,100,1
g0vr6,7,47,47,1
gh664,3,0.1,0.1,1
gh664,6,0,5,0
gh664,7,47,47,1
gh664,4,20,20,1
gh664,1,500,500,1
gh664,5,100,100,1
gh664,8,50,50,1
gh664,2,10,10,1
gmng,7,47,47,1
gmng,2,100,10,0
gmng,1,500,500,1
gmng,8,91,50,0
gmng,4,20,20,1
gmng,3,0.1,0.1,1
gmng,6,10,5,0
gmng,5,100,100,1
gnyiv,5,100,100,1
gnyiv,4,20,20,1
gnyiv,1,500,500,1
gnyiv,8,9,50,0
gnyiv,6,10,5,0
gnyiv,7,47,47,1
gnyiv,3,0.1,0.1,1
gnyiv,2,10,10,1
h6clg,8,10,50,0
h6clg,7,24,47,0
h6clg,5,100,100,1
h6clg,2,10,10,1
h6clg,3,100,0.1,0
h6clg,6,10,5,0
h6clg,4,20,20,1
h6clg,1,600,500,0
h6vaq,4,20,20,1
h6vaq,2,10,10,1
h6vaq,1,500,500,1
h6vaq,8,0.5,50,0
h6vaq,6,0.05,5,0
h6vaq,5,100,100,1
h6vaq,3,0.1,0.1,1
h6vaq,7,47,47,1
hab20,4,20,20,1
hab20,5,100,100,1
hab20,1,500,500,1
hab20,8,9,50,0
hab20,7,47,47,1
hab20,3,0.1,0.1,1
hab20,6,11,5,0
hab20,2,10,10,1
hahgk,3,0.1,0.1,1
hahgk,4,20,20,1
hahgk,6,5,5,1
hahgk,5,100,100,1
hahgk,2,10,10,1
hahgk,8,50,50,1
hahgk,1,500,500,1
hahgk,7,47,47,1
hb4fe,7,47,47,1
hb4fe,3,0.1,0.1,1
hb4fe,5,100,100,1
hb4fe,8,90,50,0
hb4fe,4,20,20,1
hb4fe,1,500,500,1
hb4fe,2,10,10,1
hb4fe,6,0.05,5,0
hgghw,3,1,0.1,0
hgghw,8,90,50,0
hgghw,7,24,47,0
hgghw,6,0.1,5,0
hgghw,4,80,20,0
hgghw,5,100,100,1
hgghw,1,600,500,0
hgghw,2,10,10,1
hgx8z,4,20,20,1
hgx8z,1,500,500,1
hgx8z,2,100,10,0
hgx8z,6,0.1,5,0
hgx8z,5,100,100,1
hgx8z,8,90,50,0
hgx8z,3,0.01,0.1,0
hgx8z,7,24,47,0
hmcog,5,100,100,1
hmcog,8,90,50,0
hmcog,4,25,20,0
hmcog,1,500,500,1
hmcog,6,10,5,0
hmcog,3,1,0.1,0
hmcog,2,1,10,0
hmcog,7,24,47,0
htz1l,3,1,0.1,0
htz1l,4,20,20,1
htz1l,5,100,100,1
htz1l,2,1,10,0
htz1l,8,50,50,1
htz1l,1,500,500,1
htz1l,6,10,5,0
htz1l,7,24,47,0
hvzc3,1,500,500,1
hvzc3,4,5,20,0
hvzc3,7,24,47,0
hvzc3,5,100,100,1
hvzc3,3,1,0.1,0
hvzc3,6,0,5,0
hvzc3,2,100,10,0
hvzc3,8,9,50,0
hzw8w,2,10,10,1
hzw8w,7,47,47,1
hzw8w,6,5,5,1
hzw8w,3,0.1,0.1,1
hzw8w,4,20,20,1
hzw8w,8,10,50,0
hzw8w,5,100,100,1
hzw8w,1,500,500,1
i5n1e,2,10,10,1
i5n1e,8,10,50,0
i5n1e,1,333,500,0
i5n1e,6,0.1,5,0
i5n1e,3,0.1,0.1,1
i5n1e,7,24,47,0
i5n1e,4,20,20,1
i5n1e,5,100,100,1
i8bx5,1,500,500,1
i8bx5,5,100,100,1
i8bx5,7,47,47,1
i8bx5,3,0.1,0.1,1
i8bx5,8,90,50,0
i8bx5,6,10,5,0
i8bx5,2,10,10,1
i8bx5,4,20,20,1
inqjo,4,5,20,0
inqjo,8,90,50,0
inqjo,3,0.1,0.1,1
inqjo,6,0.1,5,0
inqjo,5,100,100,1
inqjo,2,10,10,1
inqjo,7,24,47,0
inqjo,1,500,500,1
insir,4,20,20,1
insir,8,1,50,0
insir,1,50,500,0
insir,6,5,5,1
insir,2,10,10,1
insir,3,0.1,0.1,1
insir,7,47,47,1
insir,5,100,100,1
iv9hp,7,47,47,1
iv9hp,4,20,20,1
iv9hp,8,10,50,0
iv9hp,3,10,0.1,0
iv9hp,1,500,500,1
iv9hp,2,10,10,1
iv9hp,5,100,100,1
iv9hp,6,5,5,1
iww4g,8,9,50,0
iww4g,2,100,10,0
iww4g,1,500,500,1
iww4g,3,0.1,0.1,1
iww4g,7,47,47,1
iww4g,4,20,20,1
iww4g,5,100,100,1
iww4g,6,5,5,1
j24y0,8,12.5,50,0
j24y0,5,100,100,1
j24y0,6,0,5,0
j24y0,7,24,47,0
j24y0,4,20,20,1
j24y0,3,0.1,0.1,1
j24y0,2,10,10,1
j24y0,1,33,500,0
j2f2p,1,500,500,1
j2f2p,4,20,20,1
j2f2p,5,100,100,1
j2f2p,6,0.1,5,0
j2f2p,7,47,47,1
j2f2p,3,0.1,0.1,1
j2f2p,2,10,10,1
j2f2p,8,71,50,0
jbzsy,5,100,100,1
jbzsy,7,24,47,0
jbzsy,1,500,500,1
jbzsy,4,5,20,0
jbzsy,8,90,50,0
jbzsy,3,0.001,0.1,0
jbzsy,6,0.05,5,0
jbzsy,2,10,10,1
jh6y7,5,100,100,1
jh6y7,4,20,20,1
jh6y7,3,1,0.1,0
jh6y7,1,500,500,1
jh6y7,6,0.1,5,0
jh6y7,7,24,47,0
jh6y7,8,91,50,0
jh6y7,2,1,10,0
jjgta,8,0.9,50,0
jjgta,3,99,0.1,0
jjgta,4,5,20,0
jjgta,1,65,500,0
jjgta,6,10,5,0
jjgta,2,1,10,0
jjgta,7,12,47,0
jjgta,5,100,100,1
jjln9,3,0.001,0.1,0
jjln9,5,100,100,1
jjln9,8,100,50,0
jjln9,7,24,47,0
jjln9,4,20,20,1
jjln9,2,10,10,1
jjln9,1,6,500,0
jjln9,6,0.1,5,0
jopv5,2,10,10,1
jopv5,1,500,500,1
jopv5,6,10,5,0
jopv5,5,100,100,1
jopv5,7,47,47,1
jopv5,3,0,0.1,0
jopv5,8,1,50,0
jopv5,4,20,20,1
jqa4t,2,10,10,1
jqa4t,3,0.1,0.1,1
jqa4t,8,90,50,0
jqa4t,4,20,20,1
jqa4t,7,47,47,1
jqa4t,6,0.1,5,0
jqa4t,1,50,500,0
jqa4t,5,100,100,1
k1d8d,5,100,100,1
k1d8d,7,47,47,1
k1d8d,6,0.1,5,0
k1d8d,3,0.1,0.1,1
k1d8d,2,10,10,1
k1d8d,1,500,500,1
k1d8d,8,10,50,0
k1d8d,4,20,20,1
knrlg,4,5,20,0
knrlg,3,0.001,0.1,0
knrlg,5,100,100,1
knrlg,6,10,5,0
knrlg,2,10,10,1
knrlg,1,500,500,1
knrlg,8,9,50,0
knrlg,7,47,47,1
kt6bm,2,1,10,0
kt6bm,6,10,5,0
kt6bm,4,22.5,20,0
kt6bm,1,200,500,0
kt6bm,8,10,50,0
kt6bm,7,24,47,0
kt6bm,3,0.1,0.1,1
kt6bm,5,100,100,1
kwthz,1,500,500,1
kwthz,6,0.1,5,0
kwthz,4,20,20,1
kwthz,5,100,100,1
kwthz,2,100,10,0
kwthz,3,1,0.1,0
kwthz,8,10,50,0
kwthz,7,12,47,0
kzkzc,8,5,50,0
kzkzc,4,50,20,0
kzkzc,5,100,100,1
kzkzc,2,10,10,1
kzkzc,1,6,500,0
kzkzc,6,0.1,5,0
kzkzc,3,1,0.1,0
kzkzc,7,5,47,0
l7989,4,20,20,1
l7989,8,91,50,0
l7989,5,100,100,1
l7989,6,10,5,0
l7989,2,10,10,1
l7989,3,0.1,0.1,1
l7989,1,500,500,1
l7989,7,47,47,1
lj0cp,5,1,100,0
lj0cp,4,20,20,1
lj0cp,6,0.1,5,0
lj0cp,1,500,500,1
lj0cp,7,47,47,1
lj0cp,2,10,10,1
lj0cp,3,0.1,0.1,1
lj0cp,8,90,50,0
lkt4j,5,10,100,0
lkt4j,6,5,5,1
lkt4j,1,500,500,1
lkt4j,8,50,50,1
lkt4j,2,10,10,1
lkt4j,7,47,47,1
lkt4j,3,0.1,0.1,1
lkt4j,4,20,20,1
lrjys,6,5,5,1
lrjys,1,500,500,1
lrjys,2,10,10,1
lrjys,4,20,20,1
lrjys,7,47,47,1
lrjys,8,1,50,0
lrjys,3,0.1,0.1,1
lrjys,5,100,100,1
ltyf2,2,10,10,0
ltyf2,1,500,500,0
ltyf2,8,10,50,0
ltyf2,5,100,100,0
ltyf2,7,47,47,1
ltyf2,6,10,5,0
ltyf2,3,0.1,0.1,1
ltyf2,4,20,20,1
ltzmu,6,0.1,5,0
ltzmu,5,100,100,1
ltzmu,2,10,10,1
ltzmu,8,10,50,0
ltzmu,3,0.1,0.1,1
ltzmu,4,20,20,1
ltzmu,1,500,500,1
ltzmu,7,24,47,0
lya1e,8,91,50,0
lya1e,6,10,5,0
lya1e,3,0.1,0.1,1
lya1e,4,20,20,1
lya1e,1,500,500,1
lya1e,7,47,47,1
lya1e,2,10,10,1
lya1e,5,100,100,1
m0095,3,1,0.1,0
m0095,8,1,50,0
m0095,6,10,5,0
m0095,5,100,100,1
m0095,2,10000,10,0
m0095,7,24,47,0
m0095,4,5,20,0
m0095,1,3000,500,0
mjf5t,3,0.1,0.1,1
mjf5t,4,20,20,1
mjf5t,1,500,500,1
mjf5t,6,0.05,5,0
mjf5t,7,24,47,0
mjf5t,5,100,100,1
mjf5t,2,10,10,1
mjf5t,8,10,50,0
mjxiu,7,24,47,0
mjxiu,8,90,50,0
mjxiu,3,0.1,0.1,1
mjxiu,6,10,5,0
mjxiu,5,100,100,1
mjxiu,4,20,20,1
mjxiu,1,500,500,1
mjxiu,2,10,10,1
n4vnl,1,500,500,1
n4vnl,7,47,47,1
n4vnl,8,10,50,0
n4vnl,6,10,5,0
n4vnl,5,100,100,1
n4vnl,2,10,10,1
n4vnl,3,0.1,0.1,1
n4vnl,4,20,20,1
nbklx,5,100,100,1
nbklx,1,500,500,1
nbklx,3,0.1,0.1,1
nbklx,2,10,10,1
nbklx,8,1,50,0
nbklx,6,10,5,0
nbklx,4,20,20,1
nbklx,7,47,47,1
nq39j,2,10,10,1
nq39j,3,1,0.1,0
nq39j,5,100,100,1
nq39j,6,0.5,5,0
nq39j,1,500,500,1
nq39j,7,24,47,0
nq39j,4,50,20,0
nq39j,8,1,50,0
nsa0l,5,100,100,0
nsa0l,3,0.001,0.1,0
nsa0l,1,500,500,1
nsa0l,2,0.1,10,0
nsa0l,4,20,20,1
nsa0l,8,90,50,0
nsa0l,6,10,5,0
nsa0l,7,47,47,1
nyqxv,3,0.1,0.1,1
nyqxv,8,90,50,0
nyqxv,5,100,100,1
nyqxv,7,47,47,1
nyqxv,1,500,500,1
nyqxv,2,10,10,1
nyqxv,6,10,5,0
nyqxv,4,20,20,1
o144u,4,20,20,1
o144u,5,100,100,1
o144u,2,10,10,1
o144u,6,0.1,5,0
o144u,8,1,50,0
o144u,7,47,47,1
o144u,3,0.1,0.1,1
o144u,1,500,500,1
o4p01,2,10,10,1
o4p01,4,20,20,1
o4p01,5,100,100,1
o4p01,3,0.1,0.1,1
o4p01,6,10,5,0
o4p01,8,8,50,0
o4p01,7,47,47,1
o4p01,1,500,500,1
oivkl,4,20,20,1
oivkl,7,47,47,1
oivkl,3,0.1,0.1,1
oivkl,5,100,100,1
oivkl,1,500,500,1
oivkl,8,10,50,0
oivkl,6,10,5,0
oivkl,2,10,10,1
ojsw9,3,0.1,0.1,1
ojsw9,8,1,50,0
ojsw9,1,500,500,1
ojsw9,2,10,10,1
ojsw9,5,100,100,1
ojsw9,6,0,5,0
ojsw9,4,20,20,1
ojsw9,7,24,47,0
olcpz,5,100,100,1
olcpz,2,10,10,1
olcpz,8,90,50,0
olcpz,6,0.1,5,0
olcpz,3,10,0.1,0
olcpz,7,24,47,0
olcpz,1,500,500,1
olcpz,4,20,20,1
opcg6,6,5,5,1
opcg6,5,100,100,1
opcg6,3,0.1,0.1,1
opcg6,8,90,50,0
opcg6,1,500,500,1
opcg6,7,47,47,1
opcg6,2,10,10,1
opcg6,4,20,20,1
opl8a,1,500,500,1
opl8a,5,100,100,1
opl8a,8,10,50,0
opl8a,6,10,5,0
opl8a,7,24,47,0
opl8a,3,0.1,0.1,1
opl8a,4,20,20,1
opl8a,2,1,10,0
paa9k,3,155,0.1,0
paa9k,5,100,100,1
paa9k,1,500,500,1
paa9k,4,20,20,1
paa9k,2,10,10,1
paa9k,6,10,5,0
paa9k,7,47,47,1
paa9k,8,50,50,1
pi7ny,7,24,47,0
pi7ny,3,0.1,0.1,1
pi7ny,1,500,500,1
pi7ny,2,1,10,0
pi7ny,8,19,50,0
pi7ny,4,20,20,1
pi7ny,5,100,100,1
pi7ny,6,10,5,0
pzgm3,2,10,10,1
pzgm3,7,24,47,0
pzgm3,8,10,50,0
pzgm3,4,20,20,1
pzgm3,1,500,500,1
pzgm3,3,0.1,0.1,1
pzgm3,6,0.1,5,0
pzgm3,5,100,100,1
qi9ld,2,10,10,1
qi9ld,5,100,100,1
qi9ld,8,9,50,0
qi9ld,4,20,20,1
qi9ld,3,0.1,0.1,1
qi9ld,7,24,47,0
qi9ld,1,500,500,1
qi9ld,6,10,5,0
qzt5d,8,1,50,0
qzt5d,2,100,10,0
qzt5d,3,1,0.1,0
qzt5d,6,0.1,5,0
qzt5d,1,10,500,0
qzt5d,4,0,20,0
qzt5d,5,5,100,0
qzt5d,7,24,47,0
r464x,1,500,500,1
r464x,8,90,50,0
r464x,4,20,20,1
r464x,2,10,10,1
r464x,7,47,47,1
r464x,6,5,5,1
r464x,3,0.1,0.1,1
r464x,5,100,100,1
r48az,8,50,50,1
r48az,6,5,5,1
r48az,5,100,100,0
r48az,1,500,500,0
r48az,4,20,20,1
r48az,7,47,47,1
r48az,3,0.1,0.1,1
r48az,2,10,10,0
r7ey3,5,100,100,1
r7ey3,8,10,50,0
r7ey3,4,20,20,1
r7ey3,2,10,10,1
r7ey3,7,47,47,1
r7ey3,1,500,500,1
r7ey3,6,5,5,1
r7ey3,3,0.1,0.1,1
rdrfp,5,100,100,1
rdrfp,4,20,20,1
rdrfp,2,10,10,1
rdrfp,8,81,50,0
rdrfp,1,500,500,1
rdrfp,3,0.1,0.1,1
rdrfp,6,5,5,1
rdrfp,7,32,47,0
rf9p6,4,20,20,1
rf9p6,7,24,47,0
rf9p6,8,NA,50,NA
rf9p6,3,0.1,0.1,1
rf9p6,2,10,10,1
rf9p6,1,500,500,1
rf9p6,5,100,100,1
rf9p6,6,10,5,0
rpgbj,2,10,10,1
rpgbj,5,100,100,1
rpgbj,3,0.1,0.1,1
rpgbj,4,5,20,0
rpgbj,6,10,5,0
rpgbj,8,90,50,0
rpgbj,7,47,47,1
rpgbj,1,500,500,1
rpjw2,5,100,100,1
rpjw2,2,10,10,1
rpjw2,3,0.1,0.1,1
rpjw2,4,20,20,1
rpjw2,1,500,500,1
rpjw2,6,0.1,5,0
rpjw2,7,12,47,0
rpjw2,8,10,50,0
rsitg,7,24,47,0
rsitg,1,50,500,0
rsitg,4,20,20,1
rsitg,3,0.1,0.1,1
rsitg,5,100,100,1
rsitg,6,1.05,5,0
rsitg,8,10,50,0
rsitg,2,10,10,1
rxe83,2,10,10,1
rxe83,5,100,100,1
rxe83,3,1,0.1,0
rxe83,8,10,50,0
rxe83,7,24,47,0
rxe83,1,33,500,0
rxe83,4,40,20,0
rxe83,6,10,5,0
s2ik6,2,10,10,1
s2ik6,3,10,0.1,0
s2ik6,4,20,20,1
s2ik6,5,100,100,1
s2ik6,1,333,500,0
s2ik6,6,0.1,5,0
s2ik6,7,48,47,0
s2ik6,8,9,50,0
sadiq,6,7,5,0
sadiq,7,24,47,0
sadiq,4,20,20,1
sadiq,3,1,0.1,0
sadiq,5,100,100,1
sadiq,8,10,50,0
sadiq,2,10,10,1
sadiq,1,500,500,1
sxgux,8,10,50,0
sxgux,4,20,20,1
sxgux,5,100,100,1
sxgux,3,1,0.1,0
sxgux,6,10,5,0
sxgux,1,500,500,1
sxgux,2,1,10,0
sxgux,7,22,47,0
t4p2a,1,500,500,1
t4p2a,7,24,47,0
t4p2a,3,1,0.1,0
t4p2a,5,100,100,1
t4p2a,8,90,50,0
t4p2a,6,10,5,0
t4p2a,4,20,20,1
t4p2a,2,10,10,1
t8leg,8,9,50,0
t8leg,3,0.001,0.1,0
t8leg,5,100,100,1
t8leg,1,500,500,1
t8leg,4,0.2,20,0
t8leg,6,0.1,5,0
t8leg,2,10,10,1
t8leg,7,4,47,0
tetwh,7,47,47,1
tetwh,2,10,10,1
tetwh,4,20,20,1
tetwh,1,500,500,1
tetwh,5,100,100,1
tetwh,3,0.1,0.1,1
tetwh,6,10,5,0
tetwh,8,10,50,0
tgvti,5,100,100,1
tgvti,2,10,10,1
tgvti,7,47,47,1
tgvti,1,500,500,1
tgvti,6,5,5,1
tgvti,3,0.1,0.1,1
tgvti,4,20,20,1
tgvti,8,90,50,0
tkvo8,6,10,5,0
tkvo8,3,0.1,0.1,1
tkvo8,1,500,500,1
tkvo8,7,47,47,1
tkvo8,4,20,20,1
tkvo8,5,100,100,1
tkvo8,8,50,50,1
tkvo8,2,10,10,1
tozmj,3,1,0.1,0
tozmj,8,50,50,1
tozmj,6,5,5,1
tozmj,7,47,47,1
tozmj,5,100,100,1
tozmj,4,20,20,1
tozmj,2,10,10,1
tozmj,1,500,500,1
u5ou5,4,20,20,1
u5ou5,5,100,100,1
u5ou5,6,0.1,5,0
u5ou5,3,1,0.1,0
u5ou5,8,10,50,0
u5ou5,7,47,47,1
u5ou5,1,50,500,0
u5ou5,2,10,10,1
u5y46,3,NA,0.1,NA
u5y46,7,24,47,0
u5y46,4,20,20,1
u5y46,6,1,5,0
u5y46,2,10,10,1
u5y46,8,10,50,0
u5y46,1,3,500,0
u5y46,5,10,100,0
udav0,4,20,20,1
udav0,5,100,100,1
udav0,2,10,10,1
udav0,7,47,47,1
udav0,6,0.1,5,0
udav0,3,0.1,0.1,1
udav0,1,500,500,1
udav0,8,90,50,0
uhv2o,2,10,10,1
uhv2o,3,10,0.1,0
uhv2o,8,90,50,0
uhv2o,7,24,47,0
uhv2o,6,0.1,5,0
uhv2o,4,20,20,1
uhv2o,5,100,100,1
uhv2o,1,500,500,1
uj8s2,1,500,500,1
uj8s2,3,0.1,0.1,1
uj8s2,4,20,20,1
uj8s2,5,100,100,1
uj8s2,2,10,10,1
uj8s2,6,0.05,5,0
uj8s2,7,47,47,1
uj8s2,8,NA,50,NA
uo69g,8,90,50,0
uo69g,5,100,100,1
uo69g,6,5,5,1
uo69g,7,47,47,1
uo69g,4,20,20,1
uo69g,1,500,500,1
uo69g,3,0.1,0.1,1
uo69g,2,10,10,1
v5z5f,7,47,47,1
v5z5f,5,100,100,1
v5z5f,4,20,20,1
v5z5f,6,10,5,0
v5z5f,3,0.001,0.1,0
v5z5f,2,10,10,1
v5z5f,1,500,500,1
v5z5f,8,50,50,1
v8lcl,3,0.1,0.1,1
v8lcl,7,40,47,0
v8lcl,1,500,500,1
v8lcl,6,0.5,5,0
v8lcl,5,1,100,0
v8lcl,2,10,10,1
v8lcl,4,20,20,1
v8lcl,8,10,50,0
vdg3m,6,10,5,0
vdg3m,3,0.1,0.1,1
vdg3m,7,47,47,1
vdg3m,8,50,50,1
vdg3m,1,500,500,1
vdg3m,5,100,100,1
vdg3m,4,20,20,1
vdg3m,2,10,10,1
vew3l,2,10,10,1
vew3l,4,20,20,1
vew3l,6,0.1,5,0
vew3l,7,24,47,0
vew3l,1,600,500,0
vew3l,8,1,50,0
vew3l,5,100,100,1
vew3l,3,0.1,0.1,1
vjfcr,6,0.1,5,0
vjfcr,2,NA,10,NA
vjfcr,3,1,0.1,0
vjfcr,4,80,20,0
vjfcr,7,24,47,0
vjfcr,5,90,100,0
vjfcr,1,500,500,1
vjfcr,8,80,50,0
vmlyc,4,80,20,0
vmlyc,3,1,0.1,0
vmlyc,1,500,500,1
vmlyc,5,100,100,1
vmlyc,2,10,10,1
vmlyc,8,90,50,0
vmlyc,6,10,5,0
vmlyc,7,24,47,0
vpmyf,1,700,500,0
vpmyf,2,10,10,1
vpmyf,3,0.1,0.1,1
vpmyf,4,20,20,1
vpmyf,6,0.09,5,0
vpmyf,5,100,100,1
vpmyf,7,47,47,1
vpmyf,8,90,50,0
w5zs,5,100,100,1
w5zs,3,0,0.1,0
w5zs,1,500,500,1
w5zs,6,0.05,5,0
w5zs,2,10,10,1
w5zs,4,20,20,1
w5zs,7,47,47,1
w5zs,8,18,50,0
whkno,1,500,500,1
whkno,5,100,100,1
whkno,3,0.1,0.1,1
whkno,4,20,20,1
whkno,6,0.1,5,0
whkno,8,10,50,0
whkno,2,10,10,1
whkno,7,47,47,1
whvwv,1,500,500,1
whvwv,7,24,47,0
whvwv,4,20,20,1
whvwv,8,90,50,0
whvwv,3,0.1,0.1,1
whvwv,5,100,100,1
whvwv,6,5,5,1
whvwv,2,10,10,1
wjowk,8,10,50,0
wjowk,5,100,100,1
wjowk,4,5,20,0
wjowk,1,6,500,0
wjowk,6,10,5,0
wjowk,3,1,0.1,0
wjowk,2,10,10,1
wjowk,7,47,47,1
x0ehw,8,10,50,0
x0ehw,1,333,500,0
x0ehw,5,10,100,0
x0ehw,3,1,0.1,0
x0ehw,4,20,20,1
x0ehw,6,10,5,0
x0ehw,2,1,10,0
x0ehw,7,24,47,0
x6994,8,100,50,0
x6994,6,0,5,0
x6994,4,20,20,1
x6994,7,47,47,1
x6994,5,100,100,1
x6994,2,10,10,1
x6994,1,500,500,1
x6994,3,0.1,0.1,1
x70sm,6,5,5,1
x70sm,8,50,50,1
x70sm,2,10,10,1
x70sm,3,0.1,0.1,1
x70sm,7,47,47,1
x70sm,5,100,100,1
x70sm,1,500,500,1
x70sm,4,20,20,1
x9lh0,3,0.1,0.1,1
x9lh0,1,500,500,1
x9lh0,2,10,10,1
x9lh0,7,24,47,0
x9lh0,5,100,100,1
x9lh0,6,10,5,0
x9lh0,8,9,50,0
x9lh0,4,20,20,1
xixjx,7,24,47,0
xixjx,8,90,50,0
xixjx,1,500,500,1
xixjx,5,100,100,1
xixjx,2,10,10,1
xixjx,4,20,20,1
xixjx,6,0.1,5,0
xixjx,3,0.5,0.1,0
xsi0e,5,100,100,1
xsi0e,1,300,500,0
xsi0e,8,1,50,0
xsi0e,7,24,47,0
xsi0e,3,0.5,0.1,0
xsi0e,6,NA,5,NA
xsi0e,4,5,20,0
xsi0e,2,10,10,1
xvnpv,4,20,20,1
xvnpv,1,500,500,1
xvnpv,6,5,5,1
xvnpv,8,50,50,1
xvnpv,2,10,10,1
xvnpv,5,100,100,1
xvnpv,7,47,47,1
xvnpv,3,0.1,0.1,1
xxzfw,2,10,10,1
xxzfw,4,20,20,1
xxzfw,5,100,100,1
xxzfw,6,0.1,5,0
xxzfw,7,24,47,0
xxzfw,1,500,500,1
xxzfw,8,90,50,0
xxzfw,3,1,0.1,0
xz00c,6,0.05,5,0
xz00c,5,100,100,1
xz00c,2,10,10,1
xz00c,8,50,50,1
xz00c,7,47,47,1
xz00c,3,0.1,0.1,1
xz00c,4,20,20,1
xz00c,1,500,500,1
y6pi7,4,25,20,0
y6pi7,5,100,100,1
y6pi7,1,4,500,0
y6pi7,2,10,10,1
y6pi7,7,24,47,0
y6pi7,8,10,50,0
y6pi7,6,0.1,5,0
y6pi7,3,0,0.1,0
y6smm,6,10,5,0
y6smm,7,47,47,1
y6smm,1,500,500,1
y6smm,3,0.1,0.1,1
y6smm,5,100,100,1
y6smm,8,90,50,0
y6smm,4,20,20,1
y6smm,2,10,10,1
yhb2q,4,20,20,1
yhb2q,6,10,5,0
yhb2q,3,0.1,0.1,1
yhb2q,2,10,10,1
yhb2q,1,500,500,1
yhb2q,7,47,47,1
yhb2q,8,10,50,0
yhb2q,5,100,100,1
yi5hu,3,0.1,0.1,1
yi5hu,6,10,5,0
yi5hu,4,20,20,1
yi5hu,7,47,47,1
yi5hu,2,10,10,1
yi5hu,1,500,500,1
yi5hu,5,100,100,1
yi5hu,8,90,50,0
ypd30,3,0.1,0.1,1
ypd30,7,47,47,1
ypd30,2,10,10,1
ypd30,1,500,500,1
ypd30,4,20,20,1
ypd30,5,100,100,1
ypd30,6,10,5,0
ypd30,8,50,50,1
ys0pg,6,0.1,5,0
ys0pg,8,81,50,0
ys0pg,4,20,20,1
ys0pg,5,100,100,1
ys0pg,1,500,500,1
ys0pg,7,24,47,0
ys0pg,3,1,0.1,0
ys0pg,2,1,10,0
zj4pg,2,10,10,1
zj4pg,8,9,50,0
zj4pg,1,500,500,1
zj4pg,4,20,20,1
zj4pg,5,100,100,1
zj4pg,3,0.1,0.1,1
zj4pg,6,0.1,5,0
zj4pg,7,47,47,1
zwkcy,3,0.1,0.1,1
zwkcy,6,10,5,0
zwkcy,1,600,500,0
zwkcy,4,20,20,1
zwkcy,2,10,10,1
zwkcy,5,100,100,1
zwkcy,7,6,47,0
zwkcy,8,4.5,50,0
